{"profit_usd":1.4245616,"profit_crypto":0.0047740000000000005,"percentage":"75 %","win":6,"loss":2}